title,originallink,link,description,pubDate
<b>윤석열</b>의 ‘전방위 인맥’ 大해부 | “대선戰 본격화하면 다탄두 조직으로 탈...,http://monthly.chosun.com/client/news/viw.asp?ctcd=E&nNewsNumb=202104100012,http://monthly.chosun.com/client/news/viw.asp?ctcd=E&nNewsNumb=202104100012,"2020년 말 추미애 전 법무부 장관이 <b>윤석열</b>에게 <b>징계</b> 청구를 했을 때, <b>윤석열</b> 측 법률 대리인으로 활약했었다. 부천지청장 등을 지낸 이완규 변호사는 <b>윤석열</b>의 사법연수원 동기이자 서울대 법대 선배다. 1994년... ","Fri, 19 Mar 2021 10:09:00 +0900"
"박범계, <b>윤석열</b> 떠난 檢에 수사지휘…&quot;교묘한 한명숙 구하기&quot;",https://news.joins.com/article/olink/23609247,https://news.naver.com/main/read.nhn?mode=LSD&mid=sec&sid1=102&oid=025&aid=0003085960,"한 부장을 비롯한 이종근 대검 형사부장 등 대검 부장회의는 추미애 전 법무부 장관의 ‘<b>윤석열</b> 포위 인사’... ━ “7년 전 사건, <b>징계</b>시효도 끝났다” 형식을 놓고서도 뒷말이 무성하다. 설사 감찰로 당시 수사팀의 비위가... ","Thu, 18 Mar 2021 05:00:00 +0900"
"법무부, <b>윤석열</b>에 '장관급' 직책수행경비…연 1100만원 과다 지급",https://www.news1.kr/articles/?4244956,https://news.naver.com/main/read.nhn?mode=LSD&mid=sec&sid1=100&oid=421&aid=0005230948,"이에 따라 <b>윤석열</b> 전 검찰총장은 지침상 지급기준보다 달마다 91만원, 연간 1095만원 더 많은... 검찰공무원의 금품·향응 수수에 대한 대검찰청의 자체 기준이 상위 법령인 '공무원 <b>징계</b>령 시행규칙'(총리령)보다... ","Thu, 18 Mar 2021 14:00:00 +0900"
"&lt;핫 클릭&gt;이성윤, 업무추진비로 7977만원…<b>윤석열</b>보다 30%많고, 추미애의 2배",http://www.munhwa.com/news/view.html?no=2021031601031021305001,https://news.naver.com/main/read.nhn?mode=LSD&mid=sec&sid1=102&oid=021&aid=0002463846,이 지검장은 ‘<b>윤석열</b> 총장 <b>징계</b> 사태’와 관련해 집단성명 발표를 주도한 부부장 검사들과의 만남을 집중적으로 가진 것으로 나타났다. 이 지검장은 형사부 부부장검사들과 총 12회(지난해 10월 23일∼11월 13일)에 걸쳐... ,"Tue, 16 Mar 2021 11:41:00 +0900"
"윤여준 &quot;<b>윤석열</b> 대망론, 과거 安 대세론과는 달라&quot;",https://weekly.hankooki.com/lpage/politics/202103/wk20210317155640145700.htm?s_ref=nv,https://weekly.hankooki.com/lpage/politics/202103/wk20210317155640145700.htm?s_ref=nv,"&quot;<b>윤석열</b> 정치감각 있어...그 정도면 훈련됐다&quot; ‘보수의 장자방’으로 알려진 윤여준 전 환경부 장관이 17일... 윤 전 총장은 추미애 전 법무부 장관 재임 시절 ‘고위 간부 인사 패싱 논란’, ‘<b>징계</b>청구 및 직무배제 조치’... ","Wed, 17 Mar 2021 16:00:00 +0900"
"감사원 &quot;검사, 일반공무원보다 금품수수 <b>징계</b> 수위 낮다&quot;",https://www.ytn.co.kr/_ln/0101_202103181552110970,https://news.naver.com/main/read.nhn?mode=LSD&mid=sec&sid1=100&oid=052&aid=0001564209,검사들이 금품과 향응을 받았을 때 <b>징계</b> 수위가 대부분 일반 공무원보다 낮은 것으로 드러났습니다.... 이에 따라 법무부 장관에 준하는 수준으로 편성됐던 <b>윤석열</b> 전 검찰총장은 지침상 지급기준보다 달마다 91만 원... ,"Thu, 18 Mar 2021 15:52:00 +0900"
"이성윤 업무추진비 7977만원, <b>윤석열</b>보다 2000만원 더 썼다",https://www.chosun.com/national/court_law/2021/03/16/CANRU2IOXJEARGTFTS4NNBB4BM/?utm_source=naver&utm_medium=referral&utm_campaign=naver-news,https://news.naver.com/main/read.nhn?mode=LSD&mid=sec&sid1=102&oid=023&aid=0003601931,"이는 <b>윤석열</b> 검찰총장의 업무추진비 6050만원, 추미애 전 법무장관의 업무추진비 3880만원보다 많은 액수다. 특히 이 지검장은 작년 추 전 장관의 윤 전 총장 <b>징계</b>를 앞둔 10월 23일부터 11월 13일까지 12회에 걸쳐... ","Tue, 16 Mar 2021 14:20:00 +0900"
"<b>윤석열</b> &quot;LH투기, 게임의 룰조차 조작 절망적&quot;",http://www.fnnews.com/news/202103101452019096,https://news.naver.com/main/read.nhn?mode=LSD&mid=sec&sid1=100&oid=014&aid=0004598469,윤 전 총장 측 법률대리인 이완규 변호사(법무법인 동인)는 “소송을 취하할 계획이 없다”며 “재판부가 기일을 지정하면 재판에 끝까지 임할 예정”이라고 설명했다. #소통 #<b>징계</b> #<b>윤석열</b> #전검찰총장 #칩거 #언론인터뷰,"Wed, 10 Mar 2021 15:10:00 +0900"
"[취재후 Talk] '법칙' 거스른 <b>윤석열</b>, 대중의 선택 받을까?",http://news.tvchosun.com/site/data/html_dir/2021/03/15/2021031590085.html,https://news.naver.com/main/read.nhn?mode=LSD&mid=sec&sid1=102&oid=448&aid=0000321424,"<b>윤석열</b>이 거스른 것은 '음운의 법칙'만은 아니다. 추미애 장관의 추상같은 '지시도 잘라먹었다'. <b>징계</b>를 하자 소송으로 맞섰고, 사실상 승리하고 돌아오자 여권은 새로운 법을 만들겠다며 조여왔다. 결국 사표를 던졌더니... ","Mon, 15 Mar 2021 11:29:00 +0900"
<b>윤석열</b> 뒤이을 검찰총장 인선 절차 개시,http://news.mt.co.kr/mtview.php?no=2021031415240544471,https://news.naver.com/main/read.nhn?mode=LSD&mid=sec&sid1=102&oid=008&aid=0004556920,<b>윤석열</b> 전 총장 뒤를 이을 인물을 추리기 위한 첫 작업이다. 법무부가 차기 총장 천거를 받아 적합하다고... 그러나 윤 전 총장 직무배제·<b>징계</b>회부 당시 직무배제 중단을 건의하는 등 추 전 장관에게 반기를 들었다. 이... ,"Mon, 15 Mar 2021 05:25:00 +0900"
검찰총장 후보 천거 시작에도…&quot;'포스트 <b>윤석열</b>'은 답정너&quot;,https://news.joins.com/article/olink/23606565,https://news.naver.com/main/read.nhn?mode=LSD&mid=sec&sid1=102&oid=025&aid=0003084998,<b>윤석열</b> 전 검찰총장의 뒤를 이을 검찰총장을 선발하기 위한 국민 천거 절차가 15일부터 시작됐다. 이성윤... 또 안진 전남대 법학전문대학원 교수는 윤 전 총장 <b>징계</b>위원회에 참가한 이력 등이 문제로 제기되고 있다. 이런... ,"Mon, 15 Mar 2021 12:31:00 +0900"
"박범계 &quot;중수청 신중한 접근, <b>윤석열</b> 사퇴 결심 전부터 했다&quot;",https://www.news1.kr/articles/?4242765,https://news.naver.com/main/read.nhn?mode=LSD&mid=sec&sid1=102&oid=421&aid=0005225493,"박 장관은 이날 오후 국회 법제사법위원회 전체회의에서 윤한홍 국민의힘 의원이 &quot;<b>윤석열</b> 검찰총장을 쫓아내기 위해 인사에 <b>징계</b>, 감찰까지 하다하다 안되니 검찰청 조직 자체를 없애겠다고 했다가, 윤 총장이 사퇴하니... ","Tue, 16 Mar 2021 15:19:00 +0900"
<b>윤석열 징계</b>위원이 윤석열 후임 뽑는다… 檢총장추천위 편향성 논란,https://biz.chosun.com/site/data/html_dir/2021/03/11/2021031102509.html?utm_source=naver&utm_medium=original&utm_campaign=biz,https://news.naver.com/main/read.nhn?mode=LSD&mid=sec&sid1=102&oid=366&aid=0000683137,<b>윤석열</b> 전 검찰총장의 후임을 뽑기 위한 검찰총장후보추천위원회가 꾸려지자마자 편향성 논란에 휘말렸다.... 안 교수의 경우 작년말 윤 전 총장에 대한 검사<b>징계</b>위원회 <b>징계</b>위원으로 참여했던 인물이다. 과거... ,"Thu, 11 Mar 2021 16:07:00 +0900"
"추미애 &quot;<b>윤석열</b>이 만난 언론사주, 조중동 뿐 아니다&quot;",http://www.ohmynews.com/NWS_Web/View/at_pg.aspx?CNTN_CD=A0002726225&CMPT_CD=P0010&utm_source=naver&utm_medium=newsearch&utm_campaign=naver_news,https://news.naver.com/main/read.nhn?mode=LSD&mid=sec&sid1=100&oid=047&aid=0002305258,바로가기 클릭) http://omn.kr/1se25 ▲  추미애 전 법무부 장관이 11일 오후 서울 여의도 사무실에서 지난해 11월 24일 <b>윤석열</b> 전 검찰총장의 <b>징계</b>를 청구한 당시 검찰개혁을 지지하는 종교인들이 자신을 응원하며 보내준 판화를... ,"Fri, 12 Mar 2021 14:20:00 +0900"
<b>윤석열</b> 총장 후임에 非검찰?… 22일까지 '국민 천거',http://www.fnnews.com/news/202103141742360533,https://news.naver.com/main/read.nhn?mode=LSD&mid=sec&sid1=102&oid=014&aid=0004600543,<b>윤석열</b> 전 검찰총장의 뒤를 이을 후임 총장 인선 작업이 이번주부터 시작된다. 윤 총장이 사퇴한지 일주일... 총장의 <b>징계</b> 국면에서 <b>징계</b>청구 철회 요구를 하며 반기를 들었다. 조 고검장은 온화한 리더십으로 후배... ,"Sun, 14 Mar 2021 17:44:00 +0900"
"&quot;낡은 수사, 옛 정치인 만남... <b>윤석열</b>의 한계&quot;",http://www.ohmynews.com/NWS_Web/View/at_pg.aspx?CNTN_CD=A0002726850&CMPT_CD=P0010&utm_source=naver&utm_medium=newsearch&utm_campaign=naver_news,https://news.naver.com/main/read.nhn?mode=LSD&mid=sec&sid1=100&oid=047&aid=0002305602,"김성회 씽크와이 정치연구소 소장 ▲  <b>윤석열</b> 검찰총장이 지난 4일 오후 서울 서초구 대검찰청 앞에서 사퇴... 차라리 지난해 <b>징계</b>했을 때 사퇴했어야 한다는. &quot;저는 지금에 와서 하루이틀, 뭐 한두 달의 차이가 뭘 만들어... ","Tue, 16 Mar 2021 08:24:00 +0900"
"단숨에 지지율 1위 <b>윤석열</b>, 정치 행보 언제 시작될까",http://news.mk.co.kr/newsRead.php?no=241143&year=2021,https://news.naver.com/main/read.nhn?mode=LSD&mid=sec&sid1=100&oid=009&aid=0004762759,2022년 3월 9일 대통령선거가 치뤄지는 가운데 최근 검찰총장직에서 사퇴한 <b>윤석열</b> 전 총장이 '별의 순간'을... 또 윤 전 총장은 최근 법무부의 '정직 2개월' <b>징계</b> 처분을 어떻게 마무리할지 변호인들과 상의하고 있는... ,"Sun, 14 Mar 2021 10:14:00 +0900"
<b>윤석열</b> 후임 인선 '속도전'...검찰총장 후보추천위 구성,https://www.ytn.co.kr/_ln/0103_202103111843155670,https://news.naver.com/main/read.nhn?mode=LSD&mid=sec&sid1=102&oid=052&aid=0001561421,"<b>윤석열</b> 전 총장 사퇴 후 일주일만으로, 차기 총장은 이르면 다음 달 말쯤 취임할 것으로 보입니다. 한동오... 검찰<b>징계</b>위원으로 지난해 윤 전 총장 <b>징계</b> 논의에 참여하기도 했습니다. 추천위 구성이 끝나면서 다음... ","Thu, 11 Mar 2021 18:43:00 +0900"
"<b>윤석열</b> 후임, 15일부터 추천…차기 총장 이달말 윤곽(종합)",http://www.newsis.com/view/?id=NISX20210311_0001366951&cID=10201&pID=10200,https://news.naver.com/main/read.nhn?mode=LSD&mid=sec&sid1=102&oid=003&aid=0010387454,법무부가 <b>윤석열</b> 전 검찰총장의 중도 사퇴에 따른 후임자 인선 작업에 본격 착수했다. 후보추천 절차는... 또한 안 교수의 경우 지난해 말 윤 전 총장을 대상으로 한 법무부 검사<b>징계</b>위원회에 위원으로 참여한 이력이 있다.... ,"Thu, 11 Mar 2021 13:01:00 +0900"
<b>윤석열</b> 사퇴 8일 만에… 검찰총장 후보 추천위 구성,http://www.segye.com/content/html/2021/03/11/20210311516694.html?OutUrl=naver,https://news.naver.com/main/read.nhn?mode=LSD&mid=sec&sid1=102&oid=022&aid=0003560347,박 전 장관은 문재인정부 초대 법무부 장관이고 ‘<b>윤석열</b> 검찰’에 비판적인 목소리를 내왔다. 안 교수는 지난해 윤 전 총장의 <b>징계</b> 논의에 참여한 법무부 검찰<b>징계</b>위원회 위원이자 과거 더불어민주당 공천심사위원을... ,"Thu, 11 Mar 2021 20:05:00 +0900"
[이충재 칼럼] <b>윤석열</b> 못 잡은 문 대통령,https://hankookilbo.com/News/Read/A2021031515440001085?did=NA,https://news.naver.com/main/read.nhn?mode=LSD&mid=sec&sid1=110&oid=469&aid=0000588342,그런 그가 중도 사퇴를 결심한 것은 추미애 전 법무부 장관의 <b>윤석열</b> 축출 계획이 본격화하면서라는 게 주변의 전언이다. 문재인 대통령이 자신에 대한 <b>징계</b>안을 결재하는 것을 보고 마음이 떠났다는 것이다. 만약 문... ,"Mon, 15 Mar 2021 18:01:00 +0900"
"[대선후보 빅데이터 분석] 총 언급량…<b>윤석열</b> 19만 건, 이재명 15만 건",http://www.sisajournal.com/news/articleView.html?idxno=213379,https://news.naver.com/main/read.nhn?mode=LSD&mid=sec&sid1=100&oid=586&aid=0000021931,11월24일에 추 전 장관이 윤 전 총장의 <b>징계</b>를 발표하면서 '<b>윤석열</b>' 관련 언급량이 폭중하기 시작한다. 11월 셋째 주의 일평균 언급량이 936건가량에 그쳤던 윤 전 총장 관련 지표는 그다음 주에 3172건으로 껑충... ,"Sat, 13 Mar 2021 08:02:00 +0900"
"이성윤, 작년 업무추진비 7977만원… <b>윤석열</b>보다 2000만원 더 많이 지출",https://www.chosun.com/national/court_law/2021/03/17/MZYXBU656VGUBM3JQZQH5OA37Y/?utm_source=naver&utm_medium=referral&utm_campaign=naver-news,https://news.naver.com/main/read.nhn?mode=LSD&mid=sec&sid1=102&oid=023&aid=0003602047,"검찰 안팎에서는 “채널A 사건, 조국 사건, 울산시장 선거 개입 사건에서 정권 친화적인 처신을 했다는 비판을 받던 이 지검장이 ‘<b>윤석열 징계</b>’를 앞두고 내부 불만 여론을 사전에 관리하려 했던 것 아니냐”는 말이... ","Wed, 17 Mar 2021 03:05:00 +0900"
헌법정신 강조하는 <b>윤석열</b>의 ‘선택적 정의론’,http://news.khan.co.kr/kh_news/khan_art_view.html?artid=202103131039001&code=910100,https://news.naver.com/main/read.nhn?mode=LSD&mid=sec&sid1=100&oid=032&aid=0003063877,<b>윤석열</b> 전 검찰총장 이야기다. 대부분의 언론은 그가 정치참여를 선언하고 대권행보를 공식화하는 것은... 발동과 <b>징계</b> 사태 속에서도 직을 지켰던 것은 헌법정신과 법치주의를 지키기 위해서였다”라고 밝혔다. 3월 4일... ,"Sat, 13 Mar 2021 10:40:00 +0900"
<b>윤석열</b> 후임에 이성윤·조남관 물망…비검찰 '깜짝 발탁' 변수,http://news.tf.co.kr/read/life/1846648.htm,https://news.naver.com/main/read.nhn?mode=LSD&mid=sec&sid1=102&oid=629&aid=0000070832,다만 <b>윤석열</b> 전 총장 <b>징계</b> 국면에서 후배 검사들의 사퇴 요구에 부딪히는 등 조직 장악력이 물음표다. '김학의 전 법무부 차관 사건' 수사 외압 혐의로 수사를 받고 있고 야권의 비토가 강한 점 때문에 자격 논란에 휘말릴... ,"Sun, 07 Mar 2021 00:00:00 +0900"
윤한홍 &quot;<b>윤석열</b> 쫓아내려 중수청 서둘렀나&quot; vs 박범계 &quot;관계 없어. 당론과 대...,https://view.asiae.co.kr/article/2021031617091683399,https://news.naver.com/main/read.nhn?mode=LSD&mid=sec&sid1=102&oid=277&aid=0004866421,"박범계 법무부 장관이 중대범죄수사청(중수청) 입법 추진과 <b>윤석열</b> 전 검찰총장의 거취와는 관계가 없다고... 이어 &quot;권력비리 수사하는 검사들 다 좌천시키고, 인사, <b>징계</b>, 감찰 하다하다 안되니까 검찰청 없애겠다. 검찰... ","Tue, 16 Mar 2021 17:08:00 +0900"
"추미애, 조국이 때릴수록 ‘맷집’만 커지는 <b>윤석열</b>",https://www.seoul.co.kr/news/newsView.php?id=20210315500177&wlog_tag3=naver,https://news.naver.com/main/read.nhn?mode=LSD&mid=sec&sid1=100&oid=081&aid=0003171090,"<b>윤석열</b> 전 검찰총장의 사퇴 이후 추미애, 조국 전 법무부 장관이 연일 윤 전 총장을 겨냥해 비판의 날을... 당시 약진은 지지율 1위는 ‘정직 2개월’ <b>징계</b>처분으로 대표되는 ‘추윤 갈등’에 따른 것으로 풀이됐다. 이후... ","Mon, 15 Mar 2021 20:26:00 +0900"
"<b>윤석열</b> 저격수된 조국-추미애…與, 때릴수록 커지니 '고민'",https://www.news1.kr/articles/?4241723,https://news.naver.com/main/read.nhn?mode=LSD&mid=sec&sid1=100&oid=421&aid=0005223534,"<b>윤석열</b> 전 검찰총장의 사퇴 이후 추미애, 조국 전 법무부 장관이 연일 윤 전 총장을 겨냥해 작심 비판을 하고... 당시 약진은 '정직 2개월' <b>징계</b>처분으로 대표되는 '추윤 갈등'에 따른 것으로 풀이됐다. 이후 윤 전 총장의... ","Mon, 15 Mar 2021 18:07:00 +0900"
<b>윤석열</b> 후임 인선 작업 착수…검찰총장 후보추천위원장에 박상기,http://news.heraldcorp.com/view.php?ud=20210311000699,https://news.naver.com/main/read.nhn?mode=LSD&mid=sec&sid1=102&oid=016&aid=0001805353,법무부가 <b>윤석열</b> 전 검찰총장 후임 인선 작업에 착수했다. 법무부는 11일 박범계 장관이... 총장 <b>징계</b> 국면에서 <b>징계</b>위원으로 활동한 적이 있어 향후 논란이 생길 수도 있다. 당연직 후보추천위원은 검찰청법에 따라 김형두... ,"Thu, 11 Mar 2021 12:05:00 +0900"
"<b>윤석열</b> 소용돌이, 검찰 수사권 폐지될까",http://h21.hani.co.kr/arti/politics/politics_general/50034.html,https://news.naver.com/main/read.nhn?mode=LSD&mid=sec&sid1=100&oid=036&aid=0000044496,특히 <b>윤석열</b> 검찰총장을 <b>징계</b>하려던 추미애 법무부 장관이 사실상 완패하고 물러나면서 민주당에서는 위기감이 더 커졌다. 검찰을 인사권만으로 통제하는 데 한계가 있다는 점을 뼈저리게 깨닫고 2차 법·제도 개혁으로... ,"Fri, 05 Mar 2021 09:45:00 +0900"
"지식공작소, '<b>윤석열</b> 국민청문회' 발간",http://www.cctoday.co.kr/news/articleView.html?idxno=2130164,http://www.cctoday.co.kr/news/articleView.html?idxno=2130164,"문재인 정권의 뿌리를 흔드는 3대 사건, <b>윤석열</b> 총장 <b>징계</b>를 둘러싼 공방과 법원 판결문, 국정감사장에서 국회의원들과의 설전, 은밀하지 않은 개인사까지 <b>윤석열</b>의 모든 것을 담아냈다.'뭘 믿고 그러는가?', '왜 대통령이... ","Sun, 14 Mar 2021 13:46:00 +0900"
'반문(反文)·비야(非野)'와 교감 나누는 <b>윤석열</b>,http://www.sisajournal.com/news/articleView.html?idxno=213362,https://news.naver.com/main/read.nhn?mode=LSD&mid=sec&sid1=100&oid=586&aid=0000021910,"시사한 <b>윤석열</b> 전 총장을 주변에서 돕는 조력자들이 누구인지 관심을 모으고 있는 가운데, 최근 정치권에서... 다만 지난해 말 법무부 <b>징계</b>와 관련해 윤 전 총장의 법률대리인을 맡아온 손경식 변호사와 이완규 변호사가 윤... ","Fri, 12 Mar 2021 14:02:00 +0900"
<b>윤석열</b> 후임 인선 '속도전'...검찰총장 후보추천위 구성,https://www.ytn.co.kr/_ln/0103_202103112213401321,https://news.naver.com/main/read.nhn?mode=LSD&mid=sec&sid1=102&oid=052&aid=0001561502,"<b>윤석열</b> 전 총장 사퇴 후 일주일만으로, 차기 총장은 이르면 다음 달 말쯤 취임할 것으로 보입니다. 한동오... 검찰<b>징계</b>위원으로 지난해 윤 전 총장 <b>징계</b> 논의에 참여하기도 했습니다. 추천위 구성이 끝나면서 다음... ","Thu, 11 Mar 2021 22:13:00 +0900"
"박범계 &quot;중수청 신중 접근, <b>윤석열</b> 사퇴 전부터…尹 거취 관계없어&quot;",https://biz.chosun.com/site/data/html_dir/2021/03/16/2021031602118.html?utm_source=naver&utm_medium=original&utm_campaign=biz,https://news.naver.com/main/read.nhn?mode=LSD&mid=sec&sid1=102&oid=366&aid=0000685375,"박범계 법무부 장관은 16일 여권이 중대범죄수사청(중수청) 설치를 추진하다 <b>윤석열</b> 전 검찰총장이 사퇴하자... 인사에 <b>징계</b>, 감찰까지 하다하다 안되니 검찰청 조직 자체를 없애겠다고 했다가, 윤 전 총장이 사퇴하니... ","Tue, 16 Mar 2021 15:55:00 +0900"
"사표 낸 <b>윤석열</b>, 법원에 남은 <b>징계</b> 불복 소송은 어떻게?",http://news.kmib.co.kr/article/view.asp?arcid=0015605991&code=61121111&cp=nv,https://news.naver.com/main/read.nhn?mode=LSD&mid=sec&sid1=102&oid=005&aid=0001417788,<b>윤석열</b> 전 검찰총장이 사퇴하면서 법원에 남은 <b>징계</b> 불복 소송에도 변수가 생겼다. 법조계에서는 윤 전 총장의 신분이 바뀐 만큼 소송이 이대로 끝날 가능성에 무게를 싣고 있다. 7일 법조계에 따르면 윤 전 총장이 낸 행정... ,"Sun, 07 Mar 2021 16:46:00 +0900"
대선판 뒤흔드는 文정부 ‘양날의 칼’ <b>윤석열</b>,https://www.donga.com/news/article/all/20210312/105849166/1,https://news.naver.com/main/read.nhn?mode=LSD&mid=sec&sid1=100&oid=020&aid=0003344096,문재인 대통령은 1월 18일 신년 기자회견에서 ‘<b>징계</b> 사태’로 갈등관계에 있던 <b>윤석열</b> 검찰총장에 대해 “문재인 정부의 검찰총장이다”라고 말했다. 하지만 윤 총장은 여권이 검찰의 수사권마저 완전 박탈하는... ,"Fri, 12 Mar 2021 11:58:00 +0900"
검찰총장 '국민 천거' 시작…<b>윤석열</b> 대세론? 지지율 '파죽지세',https://news.jtbc.joins.com/article/article.aspx?news_id=NB11996399,https://news.naver.com/main/read.nhn?mode=LSD&mid=sec&sid1=100&oid=437&aid=0000261407,"<b>윤석열</b> 전 총장 지지율 상승세가 계속되고 있는데요. 관련 내용 조익신 반장이 정리했습니다.  &lt; 검찰총장... 총장 <b>징계</b> 당시, <b>징계</b>위원으로 활동했죠. 안진 전남대 법학전문대학원 교수도 추천위원으로 이름을... ","Mon, 15 Mar 2021 19:22:00 +0900"
"&quot;<b>윤석열</b>, 3월엔 활동계획 없다…검찰개혁 입장 정리할 것&quot;",https://news.joins.com/article/olink/23603368,https://news.naver.com/main/read.nhn?mode=LSD&mid=sec&sid1=102&oid=025&aid=0003083770,<b>윤석열</b> 전 검찰총장이 당분간 특별한 외부 활동에 나서지 않고 검찰개혁 등에 관한 종합적 입장을 정리할... 윤 전 총장은 최근 법무부의 '정직 2개월' <b>징계</b> 처분을 어떻게 마무리할지 변호인들과 상의하고 있다고 한다. 윤... ,"Wed, 10 Mar 2021 14:00:00 +0900"
"<b>징계</b> 청구에도 버티던 <b>윤석열</b>, 전격 사의... 청와대는 1시간만에 수용",https://hankookilbo.com/News/Read/A2021030417240002687?did=NA,https://news.naver.com/main/read.nhn?mode=LSD&mid=sec&sid1=102&oid=469&aid=0000585420,"<b>윤석열</b> 검찰총장이 4일 결국 총장직을 내던졌다. 여권이 검찰개혁의 마침표로 추진 중인 이른바... 그러나 헌정 사상 초유의 검찰총장 <b>징계</b>청구에도 버티던 윤 총장이 ‘총장직 사퇴’라는 최후의 카드를 쓴 데다, 사실상... ","Thu, 04 Mar 2021 20:01:00 +0900"
"<b>윤석열</b> 40년지기 석동현 “尹, 정치 안 할 수 없는 상황”",http://www.edaily.co.kr/news/newspath.asp?newsid=01708886628982336,https://news.naver.com/main/read.nhn?mode=LSD&mid=sec&sid1=100&oid=018&aid=0004872838,"<b>윤석열</b> 전 검찰총장의 대학 동기이자 40년지기인 석동현 변호사는 “<b>윤석열</b>은 지금 정치를 안 할 수가 없게... 더구나 작년 연말 추미애 전 장관이 생각지도 못하게 <b>징계</b>를 한다, 정직을 한다, 하는 순간부터 저는 2~3월을... ","Thu, 11 Mar 2021 09:09:00 +0900"
40년지기 석동현 &quot;<b>윤석열</b> 정치 안 할 수 없는 상황…숙명 받아들여야&quot;,http://news.mk.co.kr/newsRead.php?no=232213&year=2021,https://news.naver.com/main/read.nhn?mode=LSD&mid=sec&sid1=100&oid=009&aid=0004761472,"<b>윤석열</b> 전 검찰총장의 대학 동기이자 40년 이상 친구로 지내고 있는 석동현 변호사는 &quot;(<b>윤석열</b>이) 지금 상황은... 더구나 작년 연말 추미애 전 장관이 생각지도 못하게 <b>징계</b>를 한다, 정직을 한다, 하는 순간부터 저는 2~3월을... ","Thu, 11 Mar 2021 10:28:00 +0900"
<b>윤석열</b> 후임 정하는 총장추천위원장에 박상기 ‘회전문 위촉’ 논란,https://hankookilbo.com/News/Read/A2021031118070002315?did=NA,https://news.naver.com/main/read.nhn?mode=LSD&mid=sec&sid1=102&oid=469&aid=0000587501,"박범계 법무부 장관이 <b>윤석열</b> 전 검찰총장 후임이 될 후보자들을 추천하는 기구인 검찰총창후보추천위원회... 박 전 장관은 물론, 또 다른 비(非)당연직 위원에 지난해 말 윤 전 총장 <b>징계</b>위원으로 참여했던 안진 전남대... ","Fri, 12 Mar 2021 04:31:00 +0900"
"손학규 &quot;LH 투기에 대한 분노, <b>윤석열</b> 전 총장에 대한 기대 높였다&quot;[전문]",https://news.imaeil.com/Politics/2021031110202940543,https://news.naver.com/main/read.nhn?mode=LSD&mid=sec&sid1=100&oid=088&aid=0000692859,추미애 장관은 여러 차례 수사지휘권을 행사하더니 급기야 <b>윤석열</b> 검찰총장에 대해 직무정지 조치에 <b>징계</b>까지 했다. 법원에 의해 처분이 정지되자 여당은 아예 검찰권을 박탈하려는 중앙수사청 설립을 위한 법안까지... ,"Thu, 11 Mar 2021 10:22:00 +0900"
[단독]'<b>윤석열 징계</b>취소소송' 끝까지 간다…&quot;취하 안 한다&quot;,http://news.mt.co.kr/mtview.php?no=2021030515163824356,https://news.naver.com/main/read.nhn?mode=LSD&mid=sec&sid1=102&oid=008&aid=0004552987,"[[theL] <b>윤석열</b> 측 법률대리 이완규 변호사 &quot;검찰총장 사퇴했어도 <b>징계</b>처분 취소소송 그 자체로 의미있어&quot;] <b>윤석열</b> 전 검찰총장의 사표가 문재인 대통령에 의해 하루만에 수리됐지만, 법무부 <b>징계</b> 처분에 대해 윤 전 총장이... ","Fri, 05 Mar 2021 20:00:00 +0900"
"<b>윤석열</b> &quot;檢 수사권 박탈, 막을 수 있다면 직을 100번이라도 걸겠다&quot;",https://www.hankyung.com/society/article/2021030218781,https://news.naver.com/main/read.nhn?mode=LSD&mid=sec&sid1=102&oid=015&aid=0004507024,"‘정권 수사팀 와해’와 ‘<b>윤석열 징계</b>’ 등이 개인적 차원의 불이익 측면이 있었다면, 수사권 폐지는 검찰 조직 전체에 대한 명운이 달려 있다는 평가다. 尹, 대국민 여론전 이어갈 듯 윤 총장이 총대를 메자 검찰 차원의... ","Tue, 02 Mar 2021 17:36:00 +0900"
"사임 2주 <b>윤석열</b>, 행정소송 안 멈추는 이유는",http://www.newstomato.com/ReadNews.aspx?no=1031544,http://www.newstomato.com/ReadNews.aspx?no=1031544,"당시 재판부는 본안소송이 윤 총장 임기인 올해 7월 24일을 넘길 것으로 예상돼 무의미하고, <b>징계</b> 사유 전반에 대한 증거가 불명확해 패소를 단정할 수 없다고 봤다. 사의를 표명한 <b>윤석열</b> 전 검찰총장이 4일 오후 서울... ","Wed, 17 Mar 2021 12:03:00 +0900"
<b>윤석열</b>의 反文 정치 시작됐다,https://shindonga.donga.com/3/all/13/2479576/1,https://news.naver.com/main/read.nhn?mode=LSD&mid=sec&sid1=100&oid=262&aid=0000014277,● 정치의 길로 접어든 ‘칼잡이’ <b>윤석열</b> ● 조국·추미애와 血戰…‘우리 총장님’에서 反文 상징으로... 특히 추 전 장관의 수사지휘권 발동과 윤 전 총장에 대한 직무배제 및 <b>징계</b>청구를 놓고 돌아올 수 없는 다리를... ,"Fri, 05 Mar 2021 15:11:00 +0900"
"<b>윤석열</b>, 정계입문 언제할까?",http://www.womaneconomy.kr/news/articleView.html?idxno=100292,http://www.womaneconomy.kr/news/articleView.html?idxno=100292,<b>윤석열</b> 전 검찰총장이 법복을 벗자 정치권이 요동치고 있다. 윤 전 총장은 지난 3월 4일 &quot;이 사회가 어렵게... 추 전 장관은 윤 전 총장을 상대로두 번의 수사지휘권을 발동하고 직무집행 정지와 <b>징계</b>를 청구하는 등... ,"Tue, 16 Mar 2021 09:58:00 +0900"
'한 방에 훅' vs '끄떡없다'… <b>윤석열</b> 대권 향배 놓고 엇갈린 전망,http://www.segye.com/content/html/2021/03/12/20210312506618.html?OutUrl=naver,https://news.naver.com/main/read.nhn?mode=LSD&mid=sec&sid1=100&oid=022&aid=0003560591,맞았지만 <b>징계</b> 결정을 뒤집었고 여권의 중대범죄수사청(중수청) 설치에 반발해 총장직을 내려놓은 승부수를 던졌다. 결국 총장 사퇴 이후 유력한 차기 대선주자 반열에 올랐다. 추미애 법무부장관(왼쪽)과 <b>윤석열</b>... ,"Fri, 12 Mar 2021 11:43:00 +0900"
"<b>윤석열</b> 사표 수리…대검, 직무대행체제 전환(종합)",http://yna.kr/AKR20210305043451004?did=1195m,https://news.naver.com/main/read.nhn?mode=LSD&mid=sec&sid1=102&oid=001&aid=0012242345,총장 대외 일정 취소…퇴임식도 열지 않기로 문재인 대통령이 5일 <b>윤석열</b> 검찰총장의 사표를 수리하면서... 조 차장검사 직무대행체제는 지난해 추미애 전 법무부 장관의 직무배제 조치 때와 윤 전 총장의 정직 2개월 <b>징계</b>처... ,"Fri, 05 Mar 2021 14:40:00 +0900"
[김희원 칼럼] <b>윤석열</b>이 오염시킨 원칙,https://hankookilbo.com/News/Read/A2021031116430002280?did=NA,https://news.naver.com/main/read.nhn?mode=LSD&mid=sec&sid1=110&oid=469&aid=0000587413,살아있는 권력 수사를 마다하지 않았던 검찰주의자 <b>윤석열</b>은 이제 사라지고 없다. “<b>징계</b>도 먹고 좌천도 받지만 거대 이권을 수사”했던 검사의 마지막은 실망스럽다. “진보 정권 수사하면 보수냐”라고 반문했던 그의... ,"Thu, 11 Mar 2021 18:02:00 +0900"
<b>윤석열</b> 측 &quot;3~4월 중 외부활동 계획 없어…행정소송에 집중&quot;,http://news.khan.co.kr/kh_news/khan_art_view.html?artid=202103111554001&code=940301,https://news.naver.com/main/read.nhn?mode=LSD&mid=sec&sid1=102&oid=032&aid=0003063599,<b>윤석열</b> 전 검찰총장 측이 “윤 전 총장에게 3~4월 중 특별한 외부 활동 계획이 없다”고 밝혔다. 윤 전 총장이... 취소해달라는 행정소송을 제기했다. 또 법무부로부터 받은 정직 2개월의 <b>징계</b>를 취소해달라는 소송도 냈다.,"Thu, 11 Mar 2021 15:55:00 +0900"
"<b>윤석열</b> 소용돌이, 검찰 수사권 폐지될까",http://www.hani.co.kr/arti/politics/politics_general/985586.html,https://news.naver.com/main/read.nhn?mode=LSD&mid=sec&sid1=100&oid=028&aid=0002535167,특히 <b>윤석열</b> 검찰총장을 <b>징계</b>하려던 추미애 법무부 장관이 사실상 완패하고 물러나면서 민주당에서는 위기감이 더 커졌다. 검찰을 인사권만으로 통제하는 데 한계가 있다는 점을 뼈저리게 깨닫고 2차 법·제도 개혁으로... ,"Fri, 05 Mar 2021 13:57:00 +0900"
"대검, 사실상 직무대행 체제…<b>윤석열</b> 총장은 휴가",http://news.kbs.co.kr/news/view.do?ncd=5132174&amp;ref=A,https://news.naver.com/main/read.nhn?mode=LSD&mid=sec&sid1=102&oid=056&aid=0011001142,어제 사표를 제출한 <b>윤석열</b> 검찰총장은 오늘부터 출근하지 않았습니다. 새 총장이 올때까지 검찰은 조남관... 조 차장은 지난해 12월 법무부가 윤 총장에 대해 정직 2개월 <b>징계</b> 처분을 내렸을 당시 총장 직무대행을 맡아... ,"Fri, 05 Mar 2021 12:20:00 +0900"
"조국 “<b>윤석열</b>, 진보정권 표적수사하다 대권후보 부각된 뒤 사직”",https://www.chosun.com/national/court_law/2021/03/05/KTLU62YDB5GBBAWHHRFN3ULXLE/?utm_source=naver&utm_medium=referral&utm_campaign=naver-news,https://news.naver.com/main/read.nhn?mode=LSD&mid=sec&sid1=102&oid=023&aid=0003599794,"권 변호사는 “문재인 정부는 조국 가족 비위, 울산 선거 개입 사건, 월성원전 사건 수사를 막기 위해 <b>윤석열</b> 검찰총장을 <b>징계</b> 해임하려다 실패하자 아예 검찰조직 해체를 시도하다가 윤 총장을 사퇴에 이르게 한 정권”... ","Fri, 05 Mar 2021 13:03:00 +0900"
[타임라인]조국‧추미애‧박범계까지…<b>윤석열</b>의 589일,https://www.nocutnews.co.kr/news/5511191,https://news.naver.com/main/read.nhn?mode=LSD&mid=sec&sid1=102&oid=079&aid=0003475834,"2020-12-10 00:00 법무부, 윤 총장 <b>징계</b>위 개최 <b>윤석열</b> 검찰총장에 대한 <b>징계</b> 여부와 수위를 결정지을 법무부 <b>징계</b>위원회가 열렸다. 윤 총장 측은 <b>징계</b>위원 기피신청 및 기일변경 신청을 요구했지만, <b>징계</b>위는 모두... ","Sat, 06 Mar 2021 06:02:00 +0900"
"<b>윤석열</b>, 정권 비판하며 정치참여 첫발",https://www.chosun.com/politics/politics_general/2021/03/05/PR4ES7ZGJ5E6TEMT5LKXGWWIVI/?utm_source=naver&utm_medium=referral&utm_campaign=naver-news,https://news.naver.com/main/read.nhn?mode=LSD&mid=sec&sid1=100&oid=023&aid=0003599699,"<b>윤석열</b>, 검찰총장 전격 사퇴 <b>윤석열</b> 검찰총장이 4일 “상식과 정의가 무너지고 있다”며 사퇴했다.... 오후 5시 50분쯤 마지막 퇴근길을 대검 참모들과 직원들이 배웅했는데, 윤 총장 <b>징계</b>를 주도했던 한동수 감찰부장과... ","Fri, 05 Mar 2021 03:13:00 +0900"
"<b>윤석열</b>, 사표 수리 때까지 휴가…대검, 직무대행체제 전환",http://yna.kr/AKR20210305043400004?did=1195m,https://news.naver.com/main/read.nhn?mode=LSD&mid=sec&sid1=102&oid=001&aid=0012241408,조만간 사표 수리될 듯…총장 대외일정 취소·퇴임식 없어 <b>윤석열</b> 검찰총장의 사퇴로 대검찰청은 5일 총장... 2개월 <b>징계</b>처분 당시 한시적으로 가동된 바 있다. 조 차장검사는 검찰 내부에서는 편 가르기로 갈등을... ,"Fri, 05 Mar 2021 09:17:00 +0900"
"<b>윤석열</b>, ‘별의 순간’ 붙잡았다",https://weekly.donga.com/3/all/11/2479009/1,https://news.naver.com/main/read.nhn?mode=LSD&mid=sec&sid1=100&oid=037&aid=0000028799,2강(이재명·尹) 1중(이낙연) 구도로 재편…야권發 정계개편 가능성 높아져 <b>윤석열</b> 검찰총장이 전격 사퇴했다.... 윤 전 총장은 검찰총장 직무 정지 및 <b>징계</b> 청구를 당하기도 했다. 국민의힘 정진석 공천관리위원장은 윤... ,"Fri, 05 Mar 2021 09:30:00 +0900"
[황출새]<b>윤석열</b> 친구 석동현&quot;LH 사태 절묘한 시기에 터져&quot;,https://www.ytn.co.kr/_ln/0101_202103110830428917,https://news.naver.com/main/read.nhn?mode=LSD&mid=sec&sid1=100&oid=052&aid=0001561095,"변호사 -<b>윤석열</b>, 성품 호방하고 배포 있어. 검찰 내 선배와 후배들에게 모두 인정 받아 -특별 수사의 특성상... 더구나 작년 연말 추미애 전 장관이 생각지도 못하게 <b>징계</b>를 한다, 정직을 한다, 하는 순간부터 저는 2,3월을... ","Thu, 11 Mar 2021 08:30:00 +0900"
<b>윤석열</b> ‘본인 <b>징계</b> 주도’ 검사장들 교체 요구… 묵살되자 사퇴 굳힌듯,https://www.donga.com/news/article/all/20210305/105729739/1,https://news.naver.com/main/read.nhn?mode=LSD&mid=sec&sid1=102&oid=020&aid=0003342437,"“내가 검찰총장으로서 더 할 수 있는 일이 없다.” <b>윤석열</b> 검찰총장은 4일 오후 2시 대검찰청 청사에 도착해... 윤 총장은 취임 이후 추미애 전 법무부 장관의 수사지휘권 발동, <b>징계</b> 청구 사태를 거치면서도 “법으로... ","Fri, 05 Mar 2021 03:02:00 +0900"
"<b>윤석열</b> &quot;3, 4월 외부활동 계획 없어… 법치주의 입장은 정리 중&quot;",https://hankookilbo.com/News/Read/A2021031010540003130?did=NA,https://news.naver.com/main/read.nhn?mode=LSD&mid=sec&sid1=100&oid=469&aid=0000586909,현 정권과 갈등을 빚다가 중도 사퇴한 <b>윤석열</b> 전 검찰총장이 당분간 특별한 외부 활동에 나서지 않겠다는... 윤 전 총장은 지난해 말 제기한 '2개월 정직 <b>징계</b> 취소' 소송을 마무리 짓는 게 급선무다. 해당 인사는 &quot;모든 일이... ,"Wed, 10 Mar 2021 11:27:00 +0900"
<b>윤석열</b> 지지율 단숨에 1위… 與 “반짝 인기” vs 野 “별의 순간”,http://www.segye.com/content/html/2021/03/08/20210308514743.html?OutUrl=naver,https://news.naver.com/main/read.nhn?mode=LSD&mid=sec&sid1=100&oid=022&aid=0003559119,"‘정국의 핵’ 부상한 <b>윤석열</b> 사퇴 하루 만에 32.4%로 급상승 이재명 24.1% 이낙연은 14.9%로 정치권 “사퇴에... 연합뉴스 직무 배제, <b>징계</b> 처분 등 갖은 고초 속에서도 ‘국민과 약속’이라고 강조했던 임기 완수를 저버린... ","Mon, 08 Mar 2021 18:51:00 +0900"
"대검, 사실상 직무대행 체제…<b>윤석열</b> 총장은 휴가",http://news.kbs.co.kr/news/view.do?ncd=5132083&amp;ref=A,https://news.naver.com/main/read.nhn?mode=LSD&mid=sec&sid1=102&oid=056&aid=0011001064,<b>윤석열</b> 검찰총장의 사의가 수용되면서 대검찰청은 사실상 총장 직무대행 체제에 들어갔습니다. 대검... 조 차장은 지난해 12월 법무부가 윤 총장에 대해 정직 2개월 <b>징계</b> 처분을 내렸을 당시 총장 직무대행을 맡아 대검을... ,"Fri, 05 Mar 2021 10:29:00 +0900"
<b>윤석열</b>의 편지 “헌법이 부여한 마지막 책무 이행하겠다”,https://www.chosun.com/national/court_law/2021/03/04/QZ3WQPFDANFPPPKOO6SM7CDYTU/?utm_source=naver&utm_medium=referral&utm_campaign=naver-news,https://news.naver.com/main/read.nhn?mode=LSD&mid=sec&sid1=102&oid=023&aid=0003599568,4일 사의를 표명한 <b>윤석열</b> 검찰총장이 검찰 직원들에게 보낸 글에서 “이제 그토록 어렵게 지켜왔던... 윤 총장은 “저는 작년에 부당한 지휘권 발동과 <b>징계</b> 사태 속에서도 직을 지켰다. 헌법 정신과 법치주의를 지키기... ,"Thu, 04 Mar 2021 16:32:00 +0900"
[전문] <b>윤석열</b> “국민만 생각하라”… 檢에 마지막 인사,http://news.kmib.co.kr/article/view.asp?arcid=0015597682&code=61121111&cp=nv,https://news.naver.com/main/read.nhn?mode=LSD&mid=sec&sid1=102&oid=005&aid=0001417104,"그것이 민주주의이고, 법치주의입니다.저는 작년에 부당한 지휘권 발동과 <b>징계</b> 사태 속에서도 직을... 그동안 제게 주신 과분한 사랑에 머리 숙여 깊이 감사드립니다.평생 잊지 않겠습니다. 	2021. 3. 4. 검찰총장 <b>윤 석 열</b>","Thu, 04 Mar 2021 16:30:00 +0900"
<b>윤석열</b> &quot;검찰 수사권 폐지·중수청 설치는 검찰개혁 아니다&quot; [전문],https://www.hankyung.com/society/article/2021030489597,https://news.naver.com/main/read.nhn?mode=LSD&mid=sec&sid1=102&oid=015&aid=0004508237,<b>윤석열</b> 총장은 &quot;저는 작년에 부당한 지휘권 발동과 <b>징계</b> 사태 속에서도 헌법 정신과 법치주의를 지키기 위해 직을 지켰다&quot;면서 &quot;검찰총장에서 물러나는 것은 검찰의 권한을 지키기 위해서가 아니라 우리 사회의 정의와 상식... ,"Thu, 04 Mar 2021 16:38:00 +0900"
"<b>윤석열</b>, 검찰에 작별인사…&quot;법치주의 지키려 물러난다&quot;",http://www.newsis.com/view/?id=NISX20210304_0001359451&cID=10201&pID=10200,https://news.naver.com/main/read.nhn?mode=LSD&mid=sec&sid1=102&oid=003&aid=0010376080,"<b>윤석열</b> 검찰총장이 &quot;검찰이 아닌, 민주주의와 법치주의를 지키기 위해 총장직에서 물러나는 것&quot;이라며... 그는 &quot;저는 작년에 부당한 지휘권 발동과 <b>징계</b> 사태 속에서도 직을 지켰다&quot;며 &quot;헌법 정신과 법치주의를 지키기... ","Thu, 04 Mar 2021 16:46:00 +0900"
‘尹 <b>징계</b> 위법’ 주장 부장검사…“검수완박은 심장·머리 떼어내는 것”,http://www.segye.com/content/html/2021/03/12/20210312511689.html?OutUrl=naver,https://news.naver.com/main/read.nhn?mode=LSD&mid=sec&sid1=102&oid=022&aid=0003560679,연합뉴스 법무부가 지난해 <b>윤석열</b> 전 검찰총장의 직무정지 처분을 내렸을 당시 ‘위법·부당성이 명백하다’... 적시된 <b>징계</b> 사유들은 그 자체로 허위거나 불법이 될 수 없다”며 “국정농단 사건 당시 청와대와 유사하게... ,"Fri, 12 Mar 2021 16:20:00 +0900"
<b>윤석열</b> 비판인사로 채운 검찰총장추천위,https://www.chosun.com/national/court_law/2021/03/12/Q5D733QWK5GH5MVHDBKYDYWFHI/?utm_source=naver&utm_medium=referral&utm_campaign=naver-news,https://news.naver.com/main/read.nhn?mode=LSD&mid=sec&sid1=102&oid=023&aid=0003601098,법무부는 11일 <b>윤석열</b> 전 검찰총장의 후임자 추천을 위해 검찰총장 후보추천위원회를 구성했다고 밝혔다.... 2개월’ <b>징계</b>를 내릴 때 <b>징계</b>위원으로 참여했다. 손 논설위원도 작년 말 칼럼 등에서 수차례 윤 총장을... ,"Fri, 12 Mar 2021 03:04:00 +0900"
"[배종찬 칼럼]<b>윤석열</b>의 대권 도전, 세 가지에 달렸다",https://weekly.hankooki.com/lpage/politics/202103/wk20210312185341145700.htm?s_ref=nv,https://weekly.hankooki.com/lpage/politics/202103/wk20210312185341145700.htm?s_ref=nv,데이터로 분석한 차기 대선 후보 <b>윤석열</b>의 과제 차기 대통령은 누가 될까. 차기 대통령 선거가 채 1년도 남지... 추 전 장관은 수사지휘권을 발동해 윤 전 총장을 무기력하게 만들었고 끝내 법무부 <b>징계</b>위원회를 열어... ,"Fri, 12 Mar 2021 18:56:00 +0900"
"<b>윤석열</b> 총장, 오늘 대구 고·지검 방문… 중수청 관련 ‘발언 수위’ 주목돼",https://view.asiae.co.kr/article/2021030307340143299,https://news.naver.com/main/read.nhn?mode=LSD&mid=sec&sid1=102&oid=277&aid=0004857602,"<b>윤석열</b> 검찰총장이 지난해 <b>징계</b> 청구와 직무배제로 중단했던 전국 검찰청 순회 일정을 재개, 3일 대구고등검찰청과 대구지방검찰청을 방문한다. 전날 언론 인터뷰를 통해 여당이 추진 중인 중대범죄수사청(중수청) 설치에... ","Wed, 03 Mar 2021 07:33:00 +0900"
사찰과 정보수집? 원세훈 vs <b>윤석열</b> 구도로 본 박형준,http://www.newsprime.co.kr/news/article.html?no=536526,http://www.newsprime.co.kr/news/article.html?no=536526,여기서 비교대조할 부분이 <b>윤석열</b> 전 검찰총장 <b>징계</b> 이슈에서 드러난 판사 사찰 논란이다. 추미애 전 법무부 장관이 물러나면서 날린 윤 전 총장 <b>징계</b> 건은 일단 집행정지(가처분) 카드로 일단 무력화돼 정식 재판을 향후... ,"Fri, 12 Mar 2021 11:27:00 +0900"
"&quot;<b>윤석열</b> 이미 정치 뛰어든 상황, 대선출마 여부는 아직 몰라&quot; [정치0단]",http://raythep.mk.co.kr/newsView.php?no=23779,https://news.naver.com/main/read.nhn?mode=LSD&mid=sec&sid1=100&oid=009&aid=0004761677,핵은 <b>윤석열</b> 전 검찰총장이다. 총장에서 사퇴한 뒤 그가 1위를 기록한 대선 지지율 조사도 잇달아 그의 행보... 윤 전 총장이 왜 지난해 <b>징계</b> 문제가 불거졌을 때가 아닌 지금 이 시점에서 사퇴를 했는가란 질문에는 &quot;불의한... ,"Thu, 11 Mar 2021 15:12:00 +0900"
<b>윤석열</b> &quot;수사는 짧고 공판은 길다&quot; 검찰에 고별사,https://www.pressian.com/pages/articles/2021030417220861442?utm_source=naver&utm_medium=search,https://news.naver.com/main/read.nhn?mode=LSD&mid=sec&sid1=102&oid=002&aid=0002176369,&quot;중대범죄 수사권 폐지되면 권력형 비리 법집행 불가능&quot; 4일 전격적으로 사의를 표명한 <b>윤석열</b> 검찰총장이... 윤 총장은 지난해 추미애 법무부 장관 시절 빚어진 직무배제와 <b>징계</b> 사태에 관한 소회도 피력했다. 그는 &quot;저는... ,"Thu, 04 Mar 2021 17:25:00 +0900"
"[전문]<b>윤석열</b>, 검찰에 당부하는 마지막 글..&quot;국민만을 생각하세요&quot;",http://www.fnnews.com/news/202103041617162744,https://news.naver.com/main/read.nhn?mode=LSD&mid=sec&sid1=102&oid=014&aid=0004595003,여당의 중대범죄수사청(중수청) 설치 방안에 정면으로 반발하고 4일 사의를 표명한 <b>윤석열</b> 검찰총장이 검찰 구성원들에게 국민만 생각하라고 마지막 당부를 전했다. 윤 총장은 작년 부당한 지휘권 발동과 <b>징계</b> 사태... ,"Thu, 04 Mar 2021 16:30:00 +0900"
[윤인수 칼럼]이재명 對 <b>윤석열</b>,http://www.kyeongin.com/main/view.php?key=20210308010001552,http://www.kyeongin.com/main/view.php?key=20210308010001552,총장 <b>징계</b> 정국이 종료되면서 <b>윤석열</b>이 여론의 시야에서 멀어지자 모든 여론조사들이 차기 대권후보 1위로 그를 지목했다.군주민수(君舟民水). 지도자는 민심의 바다에 뜬 배다. 민심의 바다는 너울성 파도가 유난히... ,"Mon, 08 Mar 2021 20:39:00 +0900"
[법사위 뜨거운 감자] ②검사 출마방지 '<b>윤석열</b>법'도 논란,http://www.ajunews.com/view/20210311224257153,http://www.ajunews.com/view/20210311224257153,검찰수사권 폐지안도 찬반 논쟁 여전 <b>윤석열</b> 대선출마·<b>징계</b>소송 결과 관심 노경조 기자 felizkj@ajunews.com 지난 4일 오후 서울 서초구 대검찰청 앞에서 사퇴 의사를 밝히고 있는 <b>윤석열</b> 전 검찰총장 모습. [사진=유대길... ,"Fri, 12 Mar 2021 08:02:00 +0900"
<b>윤석열</b> “검찰 권한 아닌 민주주의 지키기 위해 사퇴”,http://www.segye.com/content/html/2021/03/04/20210304515811.html?OutUrl=naver,https://news.naver.com/main/read.nhn?mode=LSD&mid=sec&sid1=102&oid=022&aid=0003558057,Ⅳ 저는 작년에 부당한 지휘권 발동과 <b>징계</b> 사태 속에서도 직을 지켰습니다. 헌법 정신과 법치주의를 지키기... 제게 주신 과분한 사랑에 머리 숙여 깊이 감사드립니다. 평생 잊지 않겠습니다. 2021. 3. 4. 검찰총장 <b>윤 석 열</b>,"Thu, 04 Mar 2021 16:44:00 +0900"
"공격받는 <b>윤석열</b>, SNS 반격 나설까…&quot;당분간 계획없다&quot;",http://www.newsis.com/view/?id=NISX20210310_0001365227&cID=10201&pID=10200,https://news.naver.com/main/read.nhn?mode=LSD&mid=sec&sid1=102&oid=003&aid=0010384638,"드러낸 <b>윤석열</b> 전 검찰총장이 또 다른 메시지를 내놓을지 주목된다. 일각에서는 윤 전 총장이... 강연 등 외부활동은 자제하고, 법무부와 진행 중인 <b>징계</b> 관련 소송을 마무리하는 것에 집중할 예정이다. 윤 전 총장은 지난... ","Wed, 10 Mar 2021 10:21:00 +0900"
<b>윤석열</b> 사퇴로 조남관 체제 시작..檢 내부 반발 잠재우기 과제,http://www.fnnews.com/news/202103051335546921,https://news.naver.com/main/read.nhn?mode=LSD&mid=sec&sid1=102&oid=014&aid=0004595563,"<b>윤석열</b> 검찰총장이 갑작스레 사퇴하면서 5일 조남관 대검찰청 차장검사의 직무대행 체제가 시작됐다. 검찰... 조 차장은 지난해 윤 총장이 추미애 전 법무부장관의 직무배제 처분을 받았을 때, 정직 2개월의 <b>징계</b>를 받았을... ","Fri, 05 Mar 2021 13:43:00 +0900"
<b>윤석열</b> 특급도우미는 박범계?…여권 일각서 비토론,https://www.dailian.co.kr/news/view/970032/?sc=Naver,https://news.naver.com/main/read.nhn?mode=LSD&mid=sec&sid1=100&oid=119&aid=0002473681,추미애 당시 법무부 장관의 <b>윤석열</b> 검찰총장 <b>징계</b>가 법원에 의해 제동이 걸린 직후다. 문재인 정부의 권력기관 개혁이 마치 '<b>윤석열</b> 찍어내기'로 비치는 것에 대한 우려가 컸다. 대국민 사죄로 고개를 숙인 문 대통령은... ,"Sun, 07 Mar 2021 00:00:00 +0900"
<b>윤석열</b> &quot;'LH 직원' 증거인멸 전 '돈 되는 땅' 전수조사해야&quot;,https://www.hankyung.com/politics/article/2021030709667,https://news.naver.com/main/read.nhn?mode=LSD&mid=sec&sid1=100&oid=015&aid=0004509288,"<b>윤석열</b> 전 검찰총장은 6일 한국토지주택공사(LH) 직원들의 ‘3기 신도시 투기 의혹’ 사건에 대해 &quot;(국토부)... 수사의뢰, <b>징계</b>조치 등’의 조치를 진행하겠다고 밝혔다. 이에 참여연대는 “비밀정보 활용여부나 투기에... ","Sun, 07 Mar 2021 17:17:00 +0900"
<b>윤석열</b> 후임찾기 '물꼬'…후보추천위원장 박상기,http://www.ajunews.com/view/20210311144926870,http://www.ajunews.com/view/20210311144926870,위원으론 윤 전 총장 <b>징계</b>를 결정했던 안진 전남대 법학전문대학원 교수 등이 참여한다. <b>윤석열</b> 사퇴 일주일만 후보추천위 구성 법무부는 11일 후보추천위 구성을 마쳤다고 밝혔다. 윤 전 총장이 지난 4일 사의를 밝힌... ,"Fri, 12 Mar 2021 03:03:00 +0900"
"[view] &quot;국민 지킬 것&quot;…대선 1년 앞 <b>윤석열</b>, 링 앞에 서다",https://news.joins.com/article/olink/23599812,https://news.naver.com/main/read.nhn?mode=LSD&mid=sec&sid1=100&oid=025&aid=0003082435,<b>윤석열</b> 검찰총장이 4일 전격 사퇴했다. 임명된 지 588일 만이다. 문재인 대통령은 사직서 제출 1시간15분 만에... 직무정지·<b>징계</b>를 당하기도 했다. 법원의 집행정지에 따라 직무에 복귀한 뒤엔 여권의 자진사퇴 요구가... ,"Fri, 05 Mar 2021 00:02:00 +0900"
보수언론의 <b>윤석열</b> 정치인 만들기 '반사체에서 발광체로',http://www.mediatoday.co.kr/news/articleView.html?idxno=212334,https://news.naver.com/main/read.nhn?mode=LSD&mid=sec&sid1=100&oid=006&aid=0000107033,다른 <b>윤석열</b>? 현 정권과 윤 총장의 대립이 극대화하던 <b>징계</b>국면에서 일부 언론의 입장 변화가 나타났다. 더 이상 '정치검사 <b>윤석열</b>'을 부정적으로만 평가하지 않았다. 지난해 12월2일 중앙일보 '[서소문 포럼] &quot;<b>윤석열</b>은... ,"Wed, 10 Mar 2021 11:21:00 +0900"
"<b>윤석열</b>, 또 같은 점퍼 입고 카메라 포착…아내 사무실 방문",https://www.hankyung.com/society/article/2021030705087,https://news.naver.com/main/read.nhn?mode=LSD&mid=sec&sid1=102&oid=015&aid=0004509224,"<b>윤석열</b> 전 검찰총장이 사퇴 사흘 만에 모습을 드러냈다 . 윤 전 총장은 7일 오전 서울 서초구에 있는 사무실을... 윤 전 총장이 이날 입은 점퍼는 정직 2개월 <b>징계</b>를 받은 다음 날, 개를 데리고 동네를 산책하면서 입었던 옷과... ","Sun, 07 Mar 2021 14:35:00 +0900"
"<b>윤석열</b> 사퇴한 대검, 직무대행 체제 돌입… 조만간 사표 수리될 것",http://www.segye.com/content/html/2021/03/05/20210305504839.html?OutUrl=naver,https://news.naver.com/main/read.nhn?mode=LSD&mid=sec&sid1=102&oid=022&aid=0003558317,조남관 차장검사가 총장 직무대행 <b>윤석열</b> 검찰총장이 지난 4일 오후 서울 서초구 대검찰청에서 사퇴 입장을... 전 법무부 장관의 윤 총장 직무배제 조치 때와 윤 총장의 정직 2개월 <b>징계</b>처분 당시 한시적으로 가동된 바 있다.,"Fri, 05 Mar 2021 10:23:00 +0900"
<b>윤석열</b> 친구 석동현&quot;LH 사태 절묘한 시기에 터져&quot;,https://radio.ytn.co.kr/program/?f=2&id=75490&s_mcd=0214&s_hcd=01,https://radio.ytn.co.kr/program/?f=2&id=75490&s_mcd=0214&s_hcd=01,"변호사 -<b>윤석열</b>, 성품 호방하고 배포 있어. 검찰 내 선배와 후배들에게 모두 인정 받아 -특별 수사의 특성상... 더구나 작년 연말 추미애 전 장관이 생각지도 못하게 <b>징계</b>를 한다, 정직을 한다, 하는 순간부터 저는 2,3월을... ","Thu, 11 Mar 2021 09:04:00 +0900"
<b>윤석열</b> 사의 즉각 수용한 文대통령…檢 개혁 굳은 의지(종합),http://www.newsis.com/view/?id=NISX20210304_0001359658&cID=10301&pID=10300,https://news.naver.com/main/read.nhn?mode=LSD&mid=sec&sid1=100&oid=003&aid=0010376396,문재인 대통령이 4일 <b>윤석열</b> 검찰총장 사의를 1시간 만에 즉각 수용한 것은 윤 총장 행위를 일종의 '정치적... 문 대통령이 지난해 12월 윤 총장에 대한 <b>징계</b>위원회 <b>징계</b> 결과를 수용하고 재가한 것 또한 기본적으로 검찰... ,"Thu, 04 Mar 2021 19:03:00 +0900"
'검사 술접대' 재판 열리는데…<b>윤석열</b> 사과는 없었다,http://news.tf.co.kr/read/life/1847190.htm,https://news.naver.com/main/read.nhn?mode=LSD&mid=sec&sid1=102&oid=629&aid=0000071280,입장표명 약속했지만 침묵 속 사퇴…11일 첫 공판 열려 <b>윤석열</b> 전 검찰총장의 검사 인생에서 변곡점은... <b>징계</b> 국면에서 입장 표명이 늦어지는 듯 했으나 총장 직무 복귀 후에도 침묵은 이어졌다. 참여연대 사법감시센터는... ,"Wed, 10 Mar 2021 05:00:00 +0900"
<b>윤석열</b> &quot;'검수완박'은 부패 판치게 하는 '부패완판'&quot;(종합),http://yna.kr/AKR20210303107351004?did=1195m,https://news.naver.com/main/read.nhn?mode=LSD&mid=sec&sid1=102&oid=001&aid=0012237022,기자 = <b>윤석열</b> 검찰총장은 3일 &quot;지금 진행 중인 '검수완박'(검찰 수사권 완전 박탈)은 부패를 완전히 판치게... 윤 총장의 대구 방문은 정직 <b>징계</b> 처분으로 업무에서 배제됐다가 지난해 12월 24일 법원 결정으로 업무에 복귀한... ,"Wed, 03 Mar 2021 14:28:00 +0900"
검찰에 남긴 <b>윤석열</b>의 작별인사 &quot;국민만 생각하라&quot;,https://hankookilbo.com/News/Read/A2021030416510001876?did=NA,https://news.naver.com/main/read.nhn?mode=LSD&mid=sec&sid1=102&oid=469&aid=0000585378,<b>윤석열</b> 검찰총장이 4일 사의를 밝힌 뒤 ‘검찰 가족께 드리는 글’을 통해 “검찰 수사권을 완전히 박탈하는... 지난해 말 벌어진 <b>징계</b> 사태에 대한 소회도 남겼다. 윤 총장은 “작년에 부당한 지휘권 발동과 <b>징계</b> 사태... ,"Thu, 04 Mar 2021 17:02:00 +0900"
<b>윤석열</b> “검수완박은 부패완판” 맹비난,http://www.segye.com/content/html/2021/03/03/20210303515766.html?OutUrl=naver,https://news.naver.com/main/read.nhn?mode=LSD&mid=sec&sid1=102&oid=022&aid=0003557683,"“중수청, 헌법정신 크게 위배 檢 내부 의견 보고 대응 검토” 정치 가능성 묻자 즉답 피해 대구 간 <b>윤석열</b> 또... 앞서 언론 인터뷰 형식을 빌려 강한 톤으로 중수청 반대를 외친 윤 총장은 지난해 <b>징계</b>처분 취소 후 처음으로... ","Wed, 03 Mar 2021 18:16:00 +0900"
[2보] <b>윤석열</b> &quot;'검수완박'은 부패 판치게 하는 '부패완판'&quot;,http://yna.kr/AKR20210303107300004?did=1195m,https://news.naver.com/main/read.nhn?mode=LSD&mid=sec&sid1=102&oid=001&aid=0012236974,기자 = <b>윤석열</b> 검찰총장은 3일 &quot;지금 진행 중인 '검수완박'(검찰 수사권 완전 박탈)이라는 것은 부패를 완전히... 윤 총장의 대구 방문은 정직 <b>징계</b> 처분으로 업무에서 배제됐다가 지난해 12월 24일 법원 결정으로 업무에... ,"Wed, 03 Mar 2021 14:16:00 +0900"
"[전문] <b>윤석열</b>, 검찰 직원들에 &quot;위급하지만 국민만 생각하라&quot;",https://view.asiae.co.kr/article/2021030416584764386,https://news.naver.com/main/read.nhn?mode=LSD&mid=sec&sid1=102&oid=277&aid=0004859188,윤 총장은 &quot;작년 부당한 지휘권 발동과 <b>징계</b> 사태 속에서도 직을 지킨 것은 헌법 정신과 법치주의를 지키기... 그동안 제게 주신 과분한 사랑에 머리 숙여 깊이 감사드립니다. 평생 잊지 않겠습니다. 2021. 3. 4. 검찰총장 <b>윤 석 열</b>,"Thu, 04 Mar 2021 16:57:00 +0900"
"임은정 직무배제에 추미애 &quot;<b>윤석열</b>, 노골적 수사 방해&quot;",http://www.ohmynews.com/NWS_Web/View/at_pg.aspx?CNTN_CD=A0002723662&CMPT_CD=P0010&utm_source=naver&utm_medium=newsearch&utm_campaign=naver_news,https://news.naver.com/main/read.nhn?mode=LSD&mid=sec&sid1=102&oid=047&aid=0002304129,'<b>윤석열 징계</b> 사유'도 다시 언급... 임은정 &quot;법무부에 조사 결과 보고&quot; ▲  추미애 법무부 전 장관. 사진은 장관 시절인 지난 1월 8일 서울 여의도 국회에서 열린 법제사법위원회 전체회의에서 질의에 답변하고 있는 모습.... ,"Wed, 03 Mar 2021 10:59:00 +0900"
떠나는 <b>윤석열</b> 檢에 마지막 메시지 “국민들만 생각해달라”[전문],https://www.sedaily.com/NewsView/22JOEPQEHV,https://news.naver.com/main/read.nhn?mode=LSD&mid=sec&sid1=102&oid=011&aid=0003879055,Ⅳ 저는 작년에 부당한 지휘권 발동과 <b>징계</b> 사태 속에서도 직을 지켰습니다. 헌법 정신과 법치주의를 지키기... 제게 주신 과분한 사랑에 머리 숙여 깊이 감사드립니다. 평생 잊지 않겠습니다. 2021. 3. 4. 검찰총장 <b>윤 석 열</b>,"Thu, 04 Mar 2021 16:23:00 +0900"
<b>윤석열</b> &quot;당분간 외부활동 없어…<b>징계</b>취소소송 집중&quot;,http://news.mt.co.kr/mtview.php?no=2021031017090377363,https://news.naver.com/main/read.nhn?mode=LSD&mid=sec&sid1=102&oid=008&aid=0004555309,<b>윤석열</b> 전 검찰총장이 사퇴 후 처음으로 향후 행보에 대한 입장을 밝혔다. 검찰개혁 등에 관한 입장을 정리할 예정이지만 4월까지는 특별한 대외활동 없이 <b>징계</b>취소소송 마무리에 집중한다는 계획이다. 11일 법조계에... ,"Thu, 11 Mar 2021 05:31:00 +0900"
결국 <b>윤석열</b>이 원하는 것... 놀라운 장면들 [하성태의 인사이드아웃],http://www.ohmynews.com/NWS_Web/View/at_pg.aspx?CNTN_CD=A0002724337&CMPT_CD=P0010&utm_source=naver&utm_medium=newsearch&utm_campaign=naver_news,https://news.naver.com/main/read.nhn?mode=LSD&mid=sec&sid1=102&oid=047&aid=0002304508,"ⓒ 유성호 초점은 전직 검찰총장 <b>윤석열</b>의 다음 행보에 맞춰진다. 윤 총장 <b>징계</b>안에 대한 마무리가 오는 5월에 결정된다 해도 달라질 건 없어 보인다. 여야 정치인들도, 언론들도 모두 정치인 <b>윤석열</b>을 기정사실화하는... ","Fri, 05 Mar 2021 19:04:00 +0900"
